sensor_id,count,mean,std,min,25%,50%,75%,max
SENSOR_ClO2_mg_L,52.0,0.0,0.0,0.0,0.0,0.0,0.0,0.0
SENSOR_Conductivity_µS_cm,100.0,209.85,4.854186987862263,199.0,205.0,210.0,214.0,222.0
SENSOR_Temperature_°C,100.0,7.74,1.219537915471564,3.0,7.0,8.0,8.25,10.0
SENSOR_Turbidity_NTU,100.0,0.0,0.0,0.0,0.0,0.0,0.0,0.0
SENSOR_pH,100.0,8.0,0.0,8.0,8.0,8.0,8.0,8.0
